date,close,open,high,low,ret,year,month
2016-02-29,1551,1935,,,-19.762027935851012,2016,2
2015-07-31,2015,2341,,,-13.034095813552005,2015,7
2016-07-31,1446,1580,,,-8.538899430740043,2016,7
2007-06-30,1569,1717,,,-8.29924021040327,2007,6
2016-10-31,1517,1400,,,8.823529411764696,2016,10
2020-09-30,2468,2265,,,9.106984969053933,2020,9
2020-07-31,2323,2090,,,11.148325358851686,2020,7
2005-03-31,1327,1185,,,11.983122362869203,2005,3
2006-11-30,1697,1468,,,15.363698164513927,2006,11
